{"scaler": {"mean": [0.0, 0.0, 0.0, 0.07579847763100095, -0.04617531152400485, -0.04488347453878968, 0.11342902784673425, -0.12060537818249906, -0.06520046549254865, 0.08989205998915772, -0.18208227919467482, -0.08238454764736054, 0.05000035433092923, -0.21149397488327082, -0.09729735382905008, 0.0535450021094114, -0.2263252765037727, -0.03539674858461215, 0.04282010392006757, -0.2974851404890066, -0.07378360413678478, 0.03949682961760065, -0.306183952251791, -0.10093853020939837, 0.03825718614822809, -0.3115128206198258, -0.11696735936639238, -0.002812491538327314, -0.22529743146975567, -0.03519779788608374, -0.016972911254742252, -0.2921030476521662, -0.079193949053057, -0.009411543254869781, -0.2697824242220123, -0.10263759232721889, -0.0020321902243423443, -0.2547099608304282, -0.11227274841157708, -0.05122247573487831, -0.20715745172943098, -0.040990003817014974, -0.06564943696918027, -0.2582805888993079, -0.0922202371850104, -0.04262693455053571, -0.2106085498566754, -0.10355395505650845, -0.02397590572336296, -0.17667109650073792, -0.09965871662598216, -0.09377092823108274, -0.17734373475037243, -0.049914767971836055, -0.10428972203871897, -0.22018593382623505, -0.08744102699169334, -0.08993544244251794, -0.1978127705507462, -0.09059848288781772, -0.07881109114660306, -0.1800165951997205, -0.08574878905510694], "scale": [1.0, 1.0, 1.0, 0.060961940640079766, 0.04760791042329586, 0.04153407996430901, 0.1201536078411841, 0.09583569360207864, 0.06235903406321402, 0.16485170770353502, 0.13760949182407808, 0.07479141677506249, 0.20187500783884915, 0.16550327323071157, 0.08809428583797822, 0.13159896158157477, 0.09801183811145087, 0.07650135107815947, 0.18028084502613828, 0.1558096608213436, 0.09491566864903228, 0.20805964597645624, 0.19118927936968746, 0.10396861010243937, 0.23161172413147751, 0.22825324577484646, 0.10906445921659227, 0.11406002553801034, 0.09658924607896363, 0.06270036115954429, 0.16165462316987386, 0.16312292505606807, 0.08319003726657671, 0.17329290014315415, 0.20074683460768372, 0.0869190875475404, 0.18390815235164507, 0.2407419841316485, 0.08880663160036231, 0.10078676663010262, 0.09593797099649844, 0.05454237247728518, 0.14278956672265514, 0.15351913517705063, 0.07493784352799587, 0.1485696036873925, 0.16764170597386568, 0.07451196579220185, 0.15337951554092946, 0.1866149792218735, 0.07342545275451819, 0.09463757027382695, 0.09607245768739646, 0.05633594919246197, 0.13152271345627023, 0.13980176389357746, 0.07126610324969546, 0.14808069711482763, 0.15617004813941238, 0.07104926767645413, 0.16166732332577136, 0.17643222635966607, 0.07067964424890918]}, "classes": ["A", "B", "C", "D", "E", "F", "G", "H", "I", "J", "K", "L", "M", "N", "O", "P", "Q", "R", "S", "T", "U", "V", "W", "X", "Y", "Z", "del", "nothing", "space"]}