{"scaler": {"mean": [0.0, 0.0, 0.0, 0.0723547038855635, -0.04630348255976428, -0.050077017661673155, 0.1077070263123861, -0.12197735021103569, -0.07164184565493162, 0.08054970227419665, -0.1803215421238307, -0.08961174970521739, 0.040550449054833834, -0.21055158423883974, -0.10442414687089308, 0.038227439970893624, -0.22804301656879122, -0.03232433012570386, 0.030842406866541824, -0.3000874974357517, -0.07233678093941058, 0.028255532831088653, -0.3115520413744765, -0.09927112450389781, 0.026880754470675488, -0.31776445297186484, -0.11342296870107427, -0.01779279120875168, -0.22596147444699446, -0.028572078385587004, -0.02789272360392188, -0.294259214482793, -0.07653857073491548, -0.017984890584423187, -0.27274183186609996, -0.09924665204003062, -0.008042449260161937, -0.2572368979619558, -0.1044037514799127, -0.06539847404405956, -0.20699586772607068, -0.031537040902303005, -0.07648820396459896, -0.25937250616449126, -0.0872256954550998, -0.05084671370310793, -0.21150497699308732, -0.09418084009148295, -0.031012770485767192, -0.17618866699966543, -0.08333034712310611, -0.10801704938749292, -0.1760065077672928, -0.037906474392864924, -0.11664151950210137, -0.2215678625091642, -0.07852131792688756, -0.10006839556018798, -0.1984132151175226, -0.07798121605435462, -0.0881155899343598, -0.17924962421036844, -0.06716218236582162], "scale": [1.0, 1.0, 1.0, 0.0522126799199055, 0.04387429229814947, 0.04137465678483451, 0.1090249502780965, 0.0899878645299847, 0.05917463505151045, 0.15190970894269878, 0.12669629181984884, 0.06850788298958049, 0.18945013000599914, 0.15393721090440135, 0.0782819270637567, 0.1257522904511813, 0.08976552738504462, 0.06981461301603671, 0.17275619937881637, 0.1441070614852935, 0.08575185225621104, 0.19993018621971406, 0.17865988323934892, 0.09331492802716591, 0.22351452708255692, 0.21556589074946994, 0.09751676329366811, 0.10857531553650986, 0.08991419277775867, 0.05496361289362769, 0.15379892639168258, 0.15174569570384153, 0.07293709338723604, 0.16378516455978506, 0.18851638412702462, 0.07583508913453359, 0.17276832546501134, 0.22866938905252304, 0.07670853543300854, 0.09431476103140173, 0.09095291859313316, 0.04560632041139, 0.13478438372834817, 0.14450743017263562, 0.06463970121974905, 0.1378948971996848, 0.15917117281860416, 0.06487953578009671, 0.13946196229227323, 0.1789710190129841, 0.06420734401980888, 0.08735817867311346, 0.09286366421198837, 0.04624280723221946, 0.1260180952116615, 0.13330475861106422, 0.05971905654621717, 0.14313300649804292, 0.14993970595637407, 0.05959481701501151, 0.15541133289495654, 0.17024343100859135, 0.059246135382002504]}, "classes": ["A", "B", "C", "D", "E", "F", "G", "H", "I", "J", "K", "L", "M", "N", "O", "P", "Q", "R", "S", "T", "U", "V", "W", "X", "Y", "Z", "del", "nothing", "space"]}